,metric_name,mean_0,mean_1,var_0,var_1,delta,lift,pvalue,statistic,tpr_lift_1.0,tpr_lift_1.01,tpr_lift_1.02,tpr_lift_1.03,tpr_lift_1.04,tpr_lift_1.05,tpr_lift_1.06,tpr_lift_1.07,tpr_lift_1.08,tpr_lift_1.09,tpr_lift_1.1
0,Average Revenue per Paying User Without Cancelation,770.601226694407,783.5712299817102,13180466.027940074,8699179.291467063,12.970003287303143,0.016831018220590743,0.14579479108279172,3803528781.0,0.04,0.05,0.08,0.1,0.22,0.15,0.23,0.34,0.39,0.48,0.5
0,Average Revenuer Per User Without Cancellations,770.601226694407,783.5712299817102,13180466.027940074,8699179.291467063,12.970003287303143,0.016831018220590743,0.4126975552037203,-0.8191577132455384,0.05,0.14,0.38,0.62,0.95,0.98,1.0,1.0,1.0,1.0,1.0
0,Canceled Orders per Orders,1.0,1.0,0.0,0.0,0.0,0.0,,,0.0,0.0,0.0,0.0,0.0,0.0,0.0,0.0,0.0,0.0,0.0
0,Canceled Orders per Sold Orders,1.0,1.0,0.0,0.0,0.0,0.0,,,0.0,1.0,1.0,1.0,1.0,1.0,1.0,1.0,1.0,1.0,1.0
