,metric_name,mean_0,mean_1,var_0,var_1,delta,lift,pvalue,statistic
0,Average Revenue per Paying User Without Cancelation,770.601226694407,783.5712299817102,13180466.027940074,8699179.291467063,12.970003287303143,0.016831018220590743,0.14579479108279172,3803528781.0
0,Average Revenuer Per User Without Cancellations,770.601226694407,783.5712299817102,13180466.027940074,8699179.291467063,12.970003287303143,0.016831018220590743,0.4126975552037203,-0.8191577132455384
0,Canceled Orders per Orders,1.0,1.0,0.0,0.0,0.0,0.0,,
0,Canceled Orders per Sold Orders,1.0,1.0,0.0,0.0,0.0,0.0,,
